image,Energy,Contrast,Correlation,Variance,Inverse Difference Moment,Sum Average,Sum Variance,Sum Entropy,Entropy ,Difference Variance,Difference Entropy,Information Measure of Correlation I,Information Measure of Correlation II,Maximal Correlation Coefficient,class 
'Y1.jpg',0.194114222,0.356299213,0.957323495,13.25469058,0.885605872,6.057947835,32.40275859,2.050282393,3.324538599,0.30945497,0.624193769,-0.616285847,0.973783148,0.971059768,class1
'Y10.jpg',0.108605493,0.933316929,0.891476957,19.18204432,0.816713244,7.74667815,45.22182087,2.365712433,4.05337937,0.836614173,0.870402013,-0.506407139,0.967462616,0.928545423,class1
'Y100.JPG',0.206609304,0.410310039,0.871081216,6.724965013,0.880240418,4.562746063,13.46840471,1.821704059,3.056144783,0.358975148,0.651730694,-0.522880443,0.940796016,0.904434511,class1
'Y101.jpg',0.279496981,0.668430118,0.842230315,7.286611482,0.884960021,4.578001969,16.41314115,1.644049208,2.789167407,0.609190453,0.66543304,-0.540931769,0.934651911,0.901414213,class1
'Y102.jpg',0.155699047,0.458784449,0.911543567,10.78690368,0.858777601,5.756151575,23.36708042,2.088352755,3.506159333,0.39656127,0.716022229,-0.529835286,0.95922687,0.932039726,class1
'Y103.jpg',0.117495291,0.692359744,0.918155347,19.10906646,0.839421546,7.746001476,45.9340078,2.29554351,3.884337923,0.612712229,0.80915389,-0.537726994,0.970849056,0.93934654,class1
'Y104.jpg',0.113789949,0.931286909,0.891799093,16.46732264,0.813994238,7.006582185,38.04410448,2.341674907,4.090628163,0.832415723,0.902330432,-0.47848028,0.96108202,0.905075117,class1
'Y105.jpg',0.187926985,1.197834646,0.903663439,17.80773445,0.83237924,6.840305118,45.50535613,2.167459671,3.792669344,1.09851747,0.882597467,-0.496535776,0.95829851,0.9217572,class1
'Y106.jpg',0.138180933,0.551611713,0.91681274,14.24477789,0.851963633,6.643147146,32.57860642,2.185761092,3.704711564,0.482760212,0.754517869,-0.53430843,0.965849637,0.942842769,class1
'Y107.jpg',0.332290947,0.561023622,0.891257761,7.366912602,0.881573048,4.407234252,17.59409532,1.607822402,2.759111716,0.50449065,0.673103068,-0.542559029,0.933708881,0.934081059,class1
'Y108.jpg',0.238055939,0.845349409,0.88362261,9.909952479,0.839630976,5.042445866,23.0932594,1.97472963,3.469572642,0.760180856,0.83186269,-0.490363115,0.946055017,0.927306748,class1
'Y109.JPG',0.086492761,1.196481299,0.864571757,20.15665946,0.790328764,7.965797244,46.95916101,2.444380358,4.310279087,1.08058563,0.966710447,-0.449248948,0.957965365,0.878731658,class1
'Y11.jpg',0.138609332,0.684793307,0.901539494,13.47556287,0.844891179,6.355191929,30.63708561,2.182438766,3.715373937,0.607867864,0.795623807,-0.512960338,0.960701495,0.907507258,class1
'Y111.JPG',0.096982125,1.256889764,0.872923021,26.43798828,0.793148395,9.303272638,65.88789299,2.421177504,4.298271901,1.137395423,0.987974039,-0.445090248,0.956362249,0.887793038,class1
'Y112.JPG',0.109931733,0.754613681,0.918762514,16.0972785,0.833880052,6.799643209,37.14465506,2.404042982,4.075260227,0.671613558,0.820242272,-0.527351201,0.972622708,0.928371171,class1
'Y113.JPG',0.108870078,0.53574065,0.921609892,14.84995444,0.827338684,6.793737697,32.65541591,2.375301475,3.990555355,0.457108145,0.795783513,-0.523458681,0.970027811,0.9309926,class1
'Y114.JPG',0.37544391,0.665969488,0.892074044,8.206106591,0.897519201,4.557086614,21.17149105,1.475491048,2.516371795,0.613035187,0.623552636,-0.570876883,0.930624467,0.942782407,class1
'Y115.JPG',0.186666964,0.664985236,0.926459582,13.06001438,0.831737872,5.875492126,31.43888238,2.131299807,3.671498672,0.583230807,0.823568433,-0.516352965,0.960392005,0.940965462,class1
'Y116.JPG',0.185602321,0.563976378,0.924790933,12.29429518,0.845028622,5.877583661,28.7179835,2.098113272,3.56018127,0.491910679,0.771286021,-0.515670753,0.956935863,0.936486965,class1
'Y117.JPG',0.189317013,0.939714567,0.8927054,13.72716805,0.834844078,6.146161417,32.94348216,2.100587764,3.652725458,0.849317175,0.850851783,-0.495681142,0.953903321,0.926390059,class1
'Y12.jpg',0.131787532,1.01230315,0.869576052,16.14934101,0.819039411,7.036540354,37.81903425,2.208697534,3.876249234,0.912463091,0.903718603,-0.468624681,0.952230002,0.908004047,class1
'Y120.JPG',0.166215879,0.339751476,0.913069197,9.614574042,0.88580609,5.566744587,19.93501611,2.037131048,3.298680717,0.293968381,0.608608326,-0.565305802,0.962128527,0.943121337,class1
'Y13.jpg',0.128188259,0.800381398,0.916440022,20.03579928,0.848028418,7.840612697,49.53211207,2.2571154,3.825546571,0.721441314,0.79884918,-0.543318423,0.97075805,0.942376589,class1
'Y14.jpg',0.154774462,0.898622047,0.907299326,19.79490457,0.815743578,7.763779528,49.60618563,2.185500018,3.824047399,0.800812008,0.897470369,-0.479994191,0.954277742,0.926040681,class1
'Y146.JPG',0.100012024,0.796751969,0.914847693,16.82998201,0.822789107,7.003075787,38.72936571,2.440999017,4.17135617,0.70703125,0.853003817,-0.51134062,0.971109443,0.919275133,class1
'Y147.JPG',0.06124228,0.938545768,0.874695552,28.71953913,0.76026283,10.02614419,69.61206966,2.57159063,4.550819205,0.816913755,0.971028062,-0.409333041,0.950726299,0.888216403,class1
'Y148.JPG',0.100459145,1.289616142,0.813772691,18.11089751,0.788410253,7.685900591,41.04299494,2.348982315,4.234812476,1.168676181,0.987298367,-0.411978477,0.942811389,0.856110312,class1
'Y15.jpg',0.098388859,0.853346457,0.888887505,15.48575526,0.80911028,6.856422244,34.42267637,2.393690127,4.166338468,0.75476747,0.901172832,-0.465013803,0.959107882,0.895166227,class1
'Y153.jpg',0.188341512,1.218011811,0.901816423,17.76088637,0.831536981,6.830708661,45.36280118,2.164885517,3.793400563,1.117679626,0.887438999,-0.494427824,0.957712845,0.920533731,class1
'Y154.jpg',0.16466029,0.701587106,0.889615875,13.86575822,0.859112032,6.569697343,31.91796685,2.107879918,3.57857069,0.630797859,0.757904049,-0.529110014,0.961152294,0.91056734,class1
'Y155.JPG',0.161564549,0.696112205,0.91567868,13.06840936,0.842243148,6.011441929,30.54235524,2.173796098,3.718348675,0.617741142,0.805320922,-0.534945681,0.966344895,0.927290595,class1
'Y156.JPG',0.186704857,0.698941929,0.88148733,10.28598671,0.852058941,5.448695866,22.78688967,2.029543272,3.464672081,0.625276821,0.771829692,-0.503350716,0.950131352,0.916987298,class1
'Y157.JPG',0.196843497,0.471579724,0.887952118,9.403272253,0.874735733,5.434547244,20.38385125,1.907797598,3.216687055,0.415569636,0.680841183,-0.53968808,0.95248392,0.935531012,class1
'Y158.JPG',0.120894671,0.389087106,0.94289988,13.50359002,0.851297982,6.386257382,29.8600325,2.309386235,3.796256125,0.326540969,0.700473331,-0.560509746,0.973649345,0.946346265,class1
'Y159.JPG',0.138939374,0.930733268,0.867939577,13.74256428,0.826404143,6.424581693,31.10777969,2.188670226,3.8254806,0.836552657,0.874025211,-0.476977784,0.953377706,0.906273163,class1
'Y16.JPG',0.137030344,1.025344488,0.898738617,16.36810831,0.789663844,6.755905512,39.21041182,2.285523559,4.074542484,0.911694144,0.970773502,-0.436523657,0.947220533,0.906944752,class1
'Y160.JPG',0.254666281,0.243971457,0.907183382,5.143635427,0.89617372,3.945004921,10.21395161,1.664465743,2.683954864,0.20617003,0.551795611,-0.545859321,0.930957762,0.943040292,class1
'Y161.JPG',0.172238401,0.455831693,0.91970156,10.40255137,0.855349532,5.531865157,22.87260478,2.071374134,3.479572576,0.392255167,0.722321044,-0.529835135,0.958420841,0.932382823,class1
'Y162.jpg',0.238055939,0.845349409,0.88362261,9.909952479,0.839630976,5.042445866,23.0932594,1.97472963,3.469572642,0.760180856,0.83186269,-0.490363115,0.946055017,0.927306748,class1
'Y163.JPG',0.194701204,0.63816437,0.887523611,10.36896184,0.848344085,5.520177165,23.33919214,1.966329876,3.396147999,0.564437746,0.780484036,-0.503176929,0.947657561,0.918429509,class1
'Y164.JPG',0.263316973,0.431225394,0.89685998,9.023158757,0.894867471,5.297244094,20.67023348,1.727998005,2.890157851,0.385334646,0.611999672,-0.574035844,0.949949676,0.9331754,class1
'Y165.JPG',0.247749996,0.41363189,0.898000643,7.552838183,0.884239498,4.732406496,16.62712528,1.744049617,2.905979814,0.36386565,0.642167227,-0.549742309,0.943154878,0.917427853,class1
'Y166.JPG',0.164252597,0.911417323,0.910812685,19.62221833,0.836374652,7.650344488,50.02500798,2.127831221,3.692035745,0.822803888,0.847855184,-0.505712389,0.958035708,0.941497657,class1
'Y167.JPG',0.12627146,1.634781004,0.849321172,24.37500673,0.807004474,8.737635335,61.67277719,2.287156525,3.950636113,1.513979454,0.955533676,-0.463557782,0.95278957,0.905471791,class1
'Y168.jpg',0.220314956,0.436515748,0.944196593,12.77990819,0.86228489,5.987327756,31.53882751,1.946217421,3.247390773,0.376630167,0.702819509,-0.558601956,0.958800597,0.952836677,class1
'Y169.jpg',0.128188259,0.800381398,0.916440022,20.03579928,0.848028418,7.840612697,49.53211207,2.2571154,3.825546571,0.721441314,0.79884918,-0.543318423,0.97075805,0.942376589,class1
'Y17.jpg',0.154774462,0.898622047,0.907299326,19.79490457,0.815743578,7.763779528,49.60618563,2.185500018,3.824047399,0.800812008,0.897470369,-0.479994191,0.954277742,0.926040681,class1
'Y170.JPG',0.200535424,0.776697835,0.836089651,8.163460799,0.851138373,4.845472441,17.37099129,1.900886962,3.29787132,0.69921875,0.792087781,-0.468175658,0.931018893,0.869487265,class1
'Y18.JPG',0.201152046,0.688668799,0.881849271,10.20380071,0.873246508,5.431040846,23.00620882,1.961542907,3.308977664,0.624615527,0.710028094,-0.557292784,0.960425203,0.936228509,class1
'Y180.jpg',0.206161209,0.755474902,0.873914073,16.38721376,0.832517475,7.350086122,39.83792661,2.001263013,3.471843982,0.67072158,0.836651488,-0.453116449,0.932300132,0.875381785,class1
'Y181.jpg',0.098388859,0.853346457,0.888887505,15.48575526,0.80911028,6.856422244,34.42267637,2.393690127,4.166338468,0.75476747,0.901172832,-0.465013803,0.959107882,0.895166227,class1
'Y182.JPG',0.26002838,0.284079724,0.891110266,7.094772699,0.908261203,4.843873031,15.17902819,1.643036022,2.70377627,0.249661663,0.540360275,-0.577554366,0.942714638,0.929316068,class1
'Y183.jpg',0.132951052,0.563053642,0.90526301,13.34053484,0.837121859,6.471395177,29.45810931,2.212933778,3.77082735,0.487435408,0.78905031,-0.493127398,0.956685826,0.909165178,class1
'Y184.JPG',0.193249128,0.641178642,0.832253468,10.11622728,0.860639269,5.760150098,21.08182651,2.008031713,3.33598321,0.57435716,0.714750615,-0.516993246,0.949898365,0.881614757,class1
'Y185.jpg',0.199458109,0.608144685,0.893388717,16.07497424,0.855679769,7.303887795,39.91659223,1.907954099,3.236482493,0.538877953,0.752968335,-0.513865381,0.945170496,0.928131347,class1
'Y186.jpg',0.216495837,0.334645669,0.931418577,11.52300689,0.881447407,6.058932087,26.72652392,1.899353578,3.111700381,0.286970965,0.626638555,-0.571470345,0.957631513,0.948534912,class1
'Y187.jpg',0.192451289,0.465059055,0.88066497,7.887551135,0.857346483,4.905265748,16.21609239,1.924162526,3.263373436,0.402005413,0.720399125,-0.494707191,0.939643581,0.918167414,class1
'Y188.jpg',0.276367657,0.852239173,0.83657285,7.069326326,0.864294369,4.255905512,15.8054716,1.760285415,2.978764813,0.779312254,0.747237545,-0.483864341,0.922294109,0.882386434,class1
'Y19.JPG',0.23017466,0.287586122,0.914785113,6.883522815,0.898570302,4.590243602,14.61950328,1.734123716,2.838211939,0.248969611,0.569080019,-0.566165268,0.945351893,0.926018541,class1
'Y192.JPG',0.190346634,0.856791339,0.772124778,8.885057825,0.83091998,5.324680118,18.23476751,1.922955561,3.360686475,0.769654281,0.83024379,-0.42263762,0.913703062,0.852777262,class1
'Y193.JPG',0.20006957,0.559793307,0.864743276,8.30031796,0.849798473,5.023622047,17.71957052,1.861048626,3.214583809,0.489634596,0.761683671,-0.466960863,0.926770563,0.902956098,class1
'Y194.jpg',0.283544883,0.39308563,0.844969244,4.679668276,0.889603505,3.725516732,9.124173266,1.616917083,2.715535909,0.346487451,0.621619698,-0.506616589,0.917371136,0.877387339,class1
'Y195.JPG',0.199485842,0.587413878,0.856298235,8.178292823,0.868560693,4.98480561,17.07064604,1.905422261,3.242693031,0.524344857,0.715373287,-0.510952892,0.944444755,0.878190218,class1
'Y2.jpg',0.189748657,0.645792323,0.898960676,10.35242564,0.852134457,5.381643701,23.25365277,2.047508839,3.506524977,0.573818898,0.768653301,-0.511694063,0.954090334,0.918740865,class1
'Y20.jpg',0.167884518,0.449926181,0.925538346,10.75928311,0.852786183,5.594734252,24.01421831,2.076301495,3.467807218,0.385549951,0.723231465,-0.525397397,0.956823787,0.937734911,class1
'Y21.jpg',0.148819082,0.821112205,0.92467072,18.25181087,0.824897663,7.187130906,45.48183783,2.23714726,3.842068475,0.730745571,0.860360813,-0.495512334,0.959377987,0.931686822,class1
'Y22.jpg',0.139063455,0.531988189,0.937638597,13.03798021,0.826809287,5.954970472,30.0119914,2.283114947,3.860277157,0.453309547,0.795410194,-0.527728148,0.968077673,0.942698743,class1
'Y23.JPG',0.227755715,0.377829724,0.842364167,5.391901452,0.894582662,4.126845472,10.41018726,1.678516767,2.806109469,0.333938238,0.602985158,-0.538360936,0.934586365,0.890802067,class1
'Y24.jpg',0.25525771,0.407357283,0.862526744,5.546067606,0.887871759,4.06336122,11.08526102,1.704067094,2.834604477,0.359774852,0.624882462,-0.523094361,0.930448504,0.892437156,class1
'Y242.JPG',0.224240237,0.451525591,0.818180896,6.725053442,0.859606589,4.714566929,13.51520647,1.71457097,2.946658503,0.389886811,0.712426359,-0.433236654,0.896656268,0.845160416,class1
'Y243.JPG',0.189867312,0.340674213,0.934673254,10.00341412,0.88049138,5.470349409,22.44582822,1.955146952,3.214939706,0.292353593,0.63101272,-0.568176456,0.960226964,0.955679462,class1
'Y244.JPG',0.209986651,0.490772638,0.937420669,9.916411633,0.869307873,4.928272638,23.80218714,1.994308773,3.344232096,0.431686762,0.699081756,-0.534548219,0.955413842,0.946100861,class1
'Y245.jpg',0.253471831,0.343873031,0.934314311,7.179320328,0.89247899,4.302903543,16.32848255,1.812502317,2.985907142,0.300442913,0.602877397,-0.567615118,0.951939313,0.939713945,class1
'Y246.JPG',0.231688906,0.460629921,0.85648619,5.831120048,0.883982747,4.142839567,11.58088374,1.771721216,2.998404639,0.408895177,0.650575469,-0.521339264,0.937702235,0.883898935,class1
'Y247.JPG',0.159950061,0.561023622,0.895649918,9.38957731,0.845140646,5.208661417,20.07466796,2.064942072,3.520079404,0.488927165,0.771170379,-0.489857805,0.94767673,0.928346759,class1
'Y248.JPG',0.217961979,0.458538386,0.930654707,9.991360882,0.851359615,5.202386811,23.03616226,1.997716307,3.33964252,0.393362451,0.727020342,-0.521788105,0.95150502,0.938088376,class1
'Y249.JPG',0.200362466,0.640871063,0.894175833,10.43934932,0.865415735,5.476008858,23.80537923,1.963993475,3.348788719,0.574403297,0.732729271,-0.530692754,0.954460879,0.930779882,class1
'Y25.jpg',0.243757595,0.577632874,0.895425089,9.949134166,0.869353745,5.39308563,23.13866429,1.833725881,3.121274087,0.515163632,0.713468747,-0.541569717,0.949493915,0.924016137,class1
'Y250.jpg',0.152816507,0.530019685,0.900396746,11.91900298,0.839838712,6.11675689,26.49714681,2.068973711,3.519595952,0.456908219,0.774704134,-0.48443237,0.945832834,0.911513125,class1
'Y251.JPG',0.208303223,0.418307087,0.893176638,7.236399253,0.856910028,4.626230315,14.89501435,1.890984709,3.18586319,0.35691437,0.705579166,-0.486169107,0.933159451,0.908255518,class1
'Y252.jpg',0.254812376,0.399667815,0.881257414,5.338902751,0.870681177,3.855376476,10.84071546,1.732002846,2.896705208,0.344964936,0.668467171,-0.465194054,0.909537751,0.886790295,class1
'Y253.JPG',0.238431388,0.354207677,0.931545087,8.188407357,0.894748003,4.764640748,18.96731887,1.769163308,2.904356948,0.311269685,0.598699723,-0.584141654,0.953396267,0.944493524,class1
'Y254.jpg',0.261761125,0.314899114,0.904402847,9.598918284,0.899225987,5.671075295,21.41991355,1.779190291,2.922134274,0.275421383,0.57490576,-0.590040549,0.955685949,0.936377504,class1
'Y255.JPG',0.231820074,0.376353346,0.891303746,7.403735544,0.888831468,4.794660433,15.65393114,1.777141375,2.958706598,0.330031988,0.62091355,-0.558161661,0.948054954,0.91475269,class1
'Y256.JPG',0.209815562,0.342458169,0.92993763,9.173884835,0.884894989,5.219672736,20.60126661,1.877829543,3.070395422,0.295875369,0.621784228,-0.566595256,0.954844274,0.93411554,class1
'Y257.jpg',0.191024429,0.511441929,0.836316468,7.037301612,0.868758072,4.710999016,13.84504661,1.863661146,3.166167911,0.451464075,0.701683589,-0.487180513,0.932668993,0.88982673,class1
'Y258.JPG',0.198586815,0.470964567,0.871754493,8.009525329,0.863352536,5.000492126,16.77856969,1.853302865,3.135946586,0.410094734,0.709795279,-0.483627947,0.929898384,0.885865455,class1
'Y259.JPG',0.353334665,0.250615157,0.919388553,4.552499846,0.900667989,3.49421752,9.835928452,1.527319386,2.489725315,0.21441314,0.548088907,-0.52227337,0.909909882,0.93018224,class1
'Y26.jpg',0.239722187,0.600578248,0.853702912,7.2683538,0.879453545,4.598855807,15.51680977,1.786917752,3.035246321,0.54181533,0.683540998,-0.5232128,0.939999985,0.887372069,class1
'Y27.jpg',0.228748911,0.518577756,0.916804179,9.9411871,0.877549313,5.256028543,23.40615687,1.8710179,3.123735038,0.461767963,0.678918867,-0.573796927,0.958653591,0.940579704,class1
'Y28.jpg',0.270720255,0.425319882,0.912871531,7.007775975,0.869218243,4.305364173,15.63667626,1.795594422,3.036091229,0.368756152,0.68395134,-0.519140088,0.938620619,0.924801426,class1
'Y29.jpg',0.429989997,0.570989173,0.888222306,6.459468812,0.902267433,3.983636811,16.25941204,1.41188887,2.403316201,0.523683563,0.600026835,-0.572878382,0.924541857,0.947440748,class1
'Y3.jpg',0.207680276,0.412586122,0.881738683,7.938069982,0.871750883,5.00867372,16.58727373,1.842867849,3.094935769,0.35763718,0.674098417,-0.506794478,0.936828133,0.910127114,class1
'Y30.jpg',0.223811299,0.465674213,0.869704929,7.87625915,0.875667655,4.966535433,16.61576032,1.814799365,3.066581447,0.410248524,0.677180347,-0.522613228,0.941154386,0.896619886,class1
'Y31.jpg',0.286640321,0.512057087,0.799618587,5.28952579,0.900109195,4.037155512,10.69051264,1.569009338,2.626600493,0.465674213,0.601939959,-0.541389608,0.926121151,0.893616206,class1
'Y32.jpg',0.201052683,0.470718504,0.884810635,6.984669122,0.868358303,4.477116142,14.5433279,1.861567315,3.113232351,0.411970965,0.697519857,-0.513133038,0.939881876,0.887239105,class1
'Y33.jpg',0.332290947,0.561023622,0.891257761,7.366912602,0.881573048,4.407234252,17.59409532,1.607822402,2.759111716,0.50449065,0.673103068,-0.542559029,0.933708881,0.934081059,class1
'Y34.jpg',0.098388859,0.853346457,0.888887505,15.48575526,0.80911028,6.856422244,34.42267637,2.393690127,4.166338468,0.75476747,0.901172832,-0.465013803,0.959107882,0.895166227,class1
'Y35.jpg',0.294980806,0.45355561,0.892134407,6.570968988,0.888765408,4.259042815,14.67403239,1.667143099,2.726086525,0.405465674,0.604186824,-0.561003713,0.938421682,0.933053445,class1
'Y36.JPG',0.137764281,0.441929134,0.956545742,17.19287494,0.857682955,6.990526575,42.02964363,2.286102757,3.780709968,0.379859744,0.713141652,-0.596775931,0.979732801,0.968427341,class1
'Y37.jpg',0.108605493,0.933316929,0.891476957,19.18204432,0.816713244,7.74667815,45.22182087,2.365712433,4.05337937,0.836614173,0.870402013,-0.506407139,0.967462616,0.928545423,class1
'Y38.jpg',0.223811299,0.465674213,0.869704929,7.87625915,0.875667655,4.966535433,16.61576032,1.814799365,3.066581447,0.410248524,0.677180347,-0.522613228,0.941154386,0.896619886,class1
'Y39.jpg',0.187960677,0.545398622,0.897294028,10.34334823,0.844025735,5.576771654,22.68600061,2.025600475,3.46976767,0.473363681,0.770572429,-0.512428137,0.953107777,0.916770767,class1
'Y4.jpg',0.230103699,0.489419291,0.901418107,8.351948896,0.868806784,4.876722441,18.67931966,1.837060199,3.089803121,0.430302657,0.699633242,-0.511720852,0.938369945,0.907274628,class1
'Y40.JPG',0.137573993,0.964013287,0.838353139,12.220929,0.829137816,6.110420768,26.35004191,2.187837893,3.778879272,0.870740034,0.86706401,-0.471751692,0.950260262,0.905464337,class1
'Y41.jpg',0.167085927,0.753444882,0.899796878,12.81577764,0.855310948,6.049950787,30.11126118,2.071715665,3.54597108,0.678641732,0.776438504,-0.545161323,0.96430161,0.946489647,class1
'Y42.jpg',0.205063026,0.551427165,0.897797475,8.278600978,0.871300259,4.756028543,18.00433921,1.969472471,3.326700031,0.490803396,0.703488083,-0.54517899,0.957790449,0.91866445,class1
'Y44.JPG',0.210607911,0.459153543,0.874912571,6.646088367,0.874441404,4.417937992,13.5152908,1.842453102,3.104270602,0.403635581,0.677511164,-0.51873379,0.941436018,0.891311938,class1
'Y45.JPG',0.2026423,0.548966535,0.848235857,7.794791154,0.863853951,4.924581693,16.35035773,1.81574675,3.09792622,0.485543799,0.72191626,-0.488296711,0.929970077,0.912649457,class1
'Y46.jpg',0.180486187,0.313545768,0.952883546,10.35249004,0.879750101,5.332246555,23.44920376,2.099081877,3.396224006,0.266009473,0.620600133,-0.598453319,0.972108806,0.959206148,class1
'Y47.JPG',0.103460705,0.737573819,0.877717636,18.60514771,0.820127006,7.927903543,42.67429099,2.328938359,4.061179541,0.647883858,0.862193899,-0.470847353,0.958121078,0.908667384,class1
'Y49.JPG',0.18776701,0.654281496,0.884043459,10.59495917,0.843530213,5.607529528,23.74039984,1.986792305,3.443920617,0.577878937,0.794434411,-0.497244649,0.947430497,0.917408332,class1
'Y50.JPG',0.279995962,0.236097441,0.907837587,4.855107345,0.900462454,3.812376969,9.759338694,1.605132554,2.586201475,0.200418307,0.538834295,-0.551319475,0.927537589,0.941177726,class1
'Y51.jpg',0.193019843,0.560839075,0.876504565,10.35917604,0.834651097,5.719303642,22.42350428,1.990819574,3.45061031,0.48423659,0.792374935,-0.459250806,0.933899837,0.881260808,class1
'Y52.jpg',0.275727913,0.379552165,0.862315789,6.051663617,0.888163646,4.354822835,12.78285001,1.589134897,2.675748655,0.332800197,0.623196924,-0.501628531,0.912855237,0.895084298,class1
'Y53.jpg',0.264801445,0.405081201,0.888800361,6.375946766,0.882687492,4.299520177,13.67611816,1.692694023,2.839506341,0.354992003,0.644392877,-0.546408175,0.939002745,0.924367148,class1
'Y54.jpg',0.223811299,0.465674213,0.869704929,7.87625915,0.875667655,4.966535433,16.61576032,1.814799365,3.066581447,0.410248524,0.677180347,-0.522613228,0.941154386,0.896619886,class1
'Y55.jpg',0.197906924,0.732037402,0.909826165,11.66388564,0.849404631,5.546628937,27.69258737,2.055427565,3.528024231,0.655419537,0.79171387,-0.538954225,0.962256728,0.930102907,class1
'Y56.jpg',0.165033583,0.821850394,0.89439533,12.4069632,0.828539967,5.86761811,28.437313,2.167009604,3.759304033,0.733021654,0.85268217,-0.493555381,0.956476817,0.923538564,class1
'Y58.JPG',0.161294507,0.322711614,0.963762757,14.18842081,0.87636565,6.271653543,34.29082324,2.172569745,3.49943532,0.273375984,0.630579256,-0.609504369,0.976462633,0.968884744,class1
'Y59.JPG',0.107513414,0.551857776,0.920438335,14.37952045,0.826119225,6.63773376,31.4936504,2.374747241,4.000442962,0.472056471,0.80324809,-0.520377003,0.969550394,0.930157447,class1
'Y6.jpg',0.274479009,0.377952756,0.862578233,6.036250077,0.887986336,4.349163386,12.71958109,1.592914206,2.680979816,0.331200787,0.623518835,-0.501589932,0.913157655,0.895192432,class1
'Y60.jpg',0.186983445,0.685654528,0.88344005,10.27205916,0.852141824,5.446358268,22.76242412,2.028282853,3.459817416,0.612389272,0.76989923,-0.503400783,0.949979832,0.916262335,class1
'Y61.jpg',0.194651717,0.476747047,0.916463546,9.82870171,0.859824984,5.31336122,21.92457186,1.998665004,3.378267307,0.414185531,0.719447679,-0.533556572,0.956254026,0.932475075,class1
'Y62.jpg',0.286640321,0.512057087,0.799618587,5.28952579,0.900109195,4.037155512,10.69051264,1.569009338,2.626600493,0.465674213,0.601939959,-0.541389608,0.926121151,0.893616206,class1
'Y65.JPG',0.128273278,0.452632874,0.955178001,17.63740504,0.854039608,7.127214567,42.8866944,2.31655762,3.840103156,0.388625738,0.723974539,-0.590277806,0.97973404,0.966364052,class1
'Y66.JPG',0.260763148,0.264394685,0.957747956,9.785027451,0.90320099,5.191190945,23.58539664,1.824490472,2.917867313,0.228684793,0.548308278,-0.625788601,0.964300331,0.959724089,class1
'Y67.JPG',0.349972895,0.689345472,0.880196504,7.181536817,0.865150633,4.180733268,17.13634297,1.667219281,2.897465569,0.621062992,0.740083089,-0.495459536,0.92286052,0.915469575,class1
'Y69.jpg',0.243757595,0.577632874,0.895425089,9.949134166,0.869353745,5.39308563,23.13866429,1.833725881,3.121274087,0.515163632,0.713468747,-0.541569717,0.949493915,0.924016137,class1
'Y7.jpg',0.167043919,0.684301181,0.853806382,9.433689868,0.831808295,5.357898622,19.86115387,2.013667602,3.522714339,0.601900837,0.826872997,-0.440866775,0.929303028,0.87784582,class1
'Y70.jpg',0.223811299,0.465674213,0.869704929,7.87625915,0.875667655,4.966535433,16.61576032,1.814799365,3.066581447,0.410248524,0.677180347,-0.522613228,0.941154386,0.896619886,class1
'Y71.JPG',0.202115417,0.436515748,0.922954187,9.601279912,0.86367008,5.234498031,21.48227364,1.980660326,3.326204589,0.377214567,0.699837878,-0.542418977,0.957020274,0.936779273,class1
'Y73.jpg',0.130838221,0.906742126,0.903092877,16.74608222,0.820371933,6.978961614,39.67983344,2.302109748,4.004123623,0.811238927,0.886005639,-0.489594295,0.961986392,0.930102292,class1
'Y74.jpg',0.197906924,0.732037402,0.909826165,11.66388564,0.849404631,5.546628937,27.69258737,2.055427565,3.528024231,0.655419537,0.79171387,-0.538954225,0.962256728,0.930102907,class1
'Y75.JPG',0.139039234,0.794968012,0.898773011,18.39084127,0.84467826,7.637610728,44.75529299,2.17467933,3.708355305,0.713874877,0.809194266,-0.531345872,0.965226752,0.95303419,class1
'Y76.jpg',0.244951529,0.57234252,0.896350743,9.953226885,0.870603044,5.394931102,23.17499794,1.830733032,3.112632489,0.510580709,0.708688311,-0.545536991,0.950360776,0.924893707,class1
'Y77.jpg',0.261897969,0.431225394,0.871678751,5.699226439,0.878597586,4.040723425,11.81977838,1.689133502,2.848814147,0.378352608,0.661308701,-0.535078539,0.935526451,0.906847116,class1
'Y78.jpg',0.215001093,0.770792323,0.858120712,8.854909341,0.839525154,4.986466535,19.43318589,1.930568671,3.376723603,0.688299705,0.822043439,-0.466605519,0.933762828,0.893725963,class1
'Y79.jpg',0.16466029,0.701587106,0.889615875,13.86575822,0.859112032,6.569697343,31.91796685,2.107879918,3.57857069,0.630797859,0.757904049,-0.529110014,0.961152294,0.91056734,class1
'Y8.jpg',0.294925141,0.454662894,0.891983655,6.576541931,0.888728498,4.260642224,14.68992513,1.66715444,2.727589047,0.406511442,0.604896175,-0.560512401,0.938331543,0.933072318,class1
'Y81.jpg',0.126447841,0.58679872,0.874578236,12.24634462,0.831979866,6.326341043,25.67675404,2.214608376,3.753347297,0.508135458,0.794056498,-0.471011747,0.949201634,0.886717719,class1
'Y82.jpg',0.236872558,0.30179626,0.902860588,12.76660541,0.895516588,6.728469488,30.77663489,1.742011989,2.854729172,0.261318898,0.58047791,-0.566958739,0.946324253,0.939168055,class1
'Y85.JPG',0.189878172,0.65046752,0.926083063,20.68173098,0.852583606,8.101377953,53.25001485,2.076386365,3.515199398,0.578340305,0.768226784,-0.53389127,0.960576596,0.937149748,class1
'Y86.JPG',0.156663447,0.365403543,0.921734292,8.483594519,0.872914254,4.990772638,17.45118204,2.078887972,3.415753242,0.312869094,0.654647914,-0.544144881,0.960302362,0.929036523,class1
'Y89.JPG',0.215522151,0.745447835,0.868709203,11.36764695,0.880707607,5.872047244,26.22768693,1.9201541,3.142406881,0.684793307,0.661472022,-0.580072141,0.960870349,0.932029527,class1
'Y9.jpg',0.326017728,0.449187992,0.892495114,6.540431225,0.895205995,4.25086122,15.08357191,1.5720268,2.656841545,0.402651329,0.61213809,-0.560326052,0.934652186,0.930807858,class1
'Y90.jpg',0.306683017,0.794783465,0.896247151,9.854036586,0.850714821,4.93996063,24.40698953,1.796544225,3.144291724,0.716812254,0.793981089,-0.497635609,0.935651566,0.934967424,class1
'Y91.jpg',0.147800971,0.80425689,0.926216579,18.28966228,0.826442586,7.197711614,45.569477,2.24056961,3.841467564,0.715028297,0.854815673,-0.499689713,0.96052437,0.93305484,class1
'Y92.jpg',0.282298767,0.371555118,0.858279968,6.599519024,0.897574665,4.630659449,14.23517682,1.570721032,2.62066849,0.329109252,0.59337207,-0.535169704,0.923387002,0.909061992,class1
'Y95.jpg',0.32413406,0.317175197,0.895972511,5.452950065,0.907458604,3.995324803,11.92717384,1.516123757,2.520201717,0.281065453,0.550352604,-0.565356575,0.928868771,0.930318643,class1
'Y96.jpg',0.249848108,0.455708661,0.830701356,5.162011334,0.875783059,3.938238189,10.0226916,1.681047096,2.868968132,0.400682825,0.67442797,-0.47553012,0.912695782,0.85947327,class1
'Y97.JPG',0.135347088,0.285556102,0.949424763,11.07986666,0.881056768,5.778174213,24.26965976,2.136349517,3.413542917,0.23972687,0.601217766,-0.585664757,0.969954773,0.974102837,class1
'Y98.JPG',0.219716515,0.322650098,0.902355671,7.202431987,0.89918674,4.74304872,14.96321882,1.797341988,2.94078331,0.282895546,0.577821943,-0.596073455,0.957957472,0.948520662,class1
'Y99.JPG',0.134305288,0.829601378,0.786395989,8.621989573,0.81892397,5.200418307,16.70587031,2.075068026,3.687605032,0.736774114,0.87289939,-0.418343658,0.926190402,0.840469442,class1
'10 no.jpg',0.215528728,0.199926181,0.918203379,5.758919783,0.910666831,4.291215551,11.41100768,1.698425313,2.679910703,0.16999877,0.496237929,-0.595939494,0.947203862,0.92393062,class0
'11 no.jpg',0.561239777,0.501107283,0.755276188,3.061325434,0.921051897,2.886072835,7.011621909,1.037440671,1.767536685,0.464566929,0.516315704,-0.479638057,0.819854052,0.848488088,class0
'12 no.jpg',0.387175562,0.386564961,0.905207929,6.180500661,0.906085104,4.101377953,15.04755757,1.403589704,2.342392776,0.347194882,0.566761732,-0.555400253,0.913723143,0.935581244,class0
'13 no.jpg',0.44485156,0.712229331,0.790965418,4.769777313,0.893191721,3.533341535,11.0065552,1.318771509,2.290302479,0.655696358,0.643331877,-0.480573724,0.874725086,0.881879311,class0
'14 no.jpg',0.27319265,0.780142717,0.901682859,9.686098594,0.837897593,4.813976378,23.48876178,1.915876703,3.347609036,0.697219488,0.825134599,-0.473348522,0.935177082,0.909713297,class0
'15 no.jpg',0.122387692,0.602054626,0.921127742,15.28734102,0.835353683,6.804933563,34.89455789,2.307152171,3.891457067,0.52474471,0.790971454,-0.527848502,0.968822066,0.94450472,class0
'17 no.jpg',0.246623305,0.573695866,0.868976223,8.167932225,0.860739425,4.921505906,18.45891122,1.715966792,2.969306302,0.507658711,0.737135176,-0.470457453,0.915991443,0.899307938,class0
'18 no.jpg',0.312742303,0.92925689,0.790119842,6.571333277,0.847077073,4.206200787,14.47724266,1.646634317,2.940327436,0.844949557,0.819135311,-0.419106117,0.888624969,0.872065511,class0
'19 no.jpg',0.443480121,0.415969488,0.887297027,4.758854423,0.89088448,3.445004921,11.13820956,1.402339011,2.380920414,0.368940699,0.622674291,-0.520511383,0.901525733,0.915434572,class0
'20 no.jpg',0.165847223,1.221579724,0.87060756,15.60403082,0.816535603,6.629306102,37.62768201,2.160807161,3.782666393,1.114327018,0.916210836,-0.471897816,0.950427634,0.91097727,class0
'21 no.jpg',0.326079849,0.45066437,0.920004182,7.502362589,0.87705997,4.360482283,17.99738663,1.680770955,2.830061165,0.396499754,0.67050142,-0.541251068,0.936780774,0.934084288,class0
'22 no.jpg',0.163252907,0.659202756,0.911929041,13.00491934,0.815860931,6.118110236,30.36457732,2.111369633,3.673491415,0.570712352,0.85161888,-0.490000164,0.952801169,0.950839212,class0
'23 no.jpg',0.083696854,1.064406988,0.833767533,15.69671679,0.762700285,7.100947343,33.79788883,2.404560521,4.300931873,0.938561147,1.00379027,-0.377560727,0.930001087,0.865088314,class0
'24 no.jpg',0.176961629,0.701279528,0.897599208,11.82655635,0.82245386,5.828617126,27.36353066,2.038096002,3.568728222,0.614234744,0.849180367,-0.457554939,0.937891619,0.92430814,class0
'25 no.jpg',0.272644633,0.899606299,0.908773757,12.75211076,0.817688098,5.624630906,32.61685116,1.910613623,3.402042902,0.803026575,0.894114554,-0.4546269,0.929994606,0.926887203,class0
'26 no.jpg',0.152974729,0.706077756,0.843276883,9.845608929,0.818288103,5.542322835,20.631254,2.031365724,3.568931947,0.617125984,0.854746863,-0.408688893,0.916567695,0.879143847,class0
'27 no.jpg',0.246623305,0.573695866,0.868976223,8.167932225,0.860739425,4.921505906,18.45891122,1.715966792,2.969306302,0.507658711,0.737135176,-0.470457453,0.915991443,0.899307938,class0
'28 no.jpg',0.125866428,0.553457185,0.902127897,10.91314072,0.833352419,5.71831939,22.88698331,2.235413155,3.788710083,0.476793184,0.788761996,-0.488437693,0.955813271,0.907996853,class0
'29 no.jpg',0.256198673,0.842642717,0.829200485,7.780329186,0.84932203,4.64148622,17.3096957,1.763066571,3.093118966,0.762456939,0.802113476,-0.470154328,0.922282647,0.914696108,class0
'3 no.jpg',0.262663766,0.394192913,0.851314387,4.847910002,0.874181868,3.784817913,9.417949253,1.66119501,2.798900716,0.341043307,0.663620097,-0.495215479,0.91735053,0.893360212,class0
'30 no.jpg',0.13280198,0.863127461,0.826630125,20.64260023,0.765005973,8.552595965,49.1916674,2.220319045,3.975204534,0.745617003,0.952515431,-0.341352476,0.897375578,0.866352854,class0
'31 no.jpg',0.149564308,0.693651575,0.874099816,11.53357991,0.825617496,5.957062008,25.221828,2.097475516,3.640866514,0.608175443,0.841637024,-0.451451182,0.938248772,0.885859489,class0
'32 no.jpg',0.401777456,0.484682579,0.87085472,5.409795806,0.88769287,3.790661909,12.53275566,1.443017788,2.475193906,0.433516855,0.640604421,-0.502489214,0.900039013,0.898318811,class0
'33 no.jpg',0.275004685,0.653051181,0.838424778,7.112496924,0.894211859,4.544168307,15.9283261,1.62906604,2.672566235,0.60300812,0.595476328,-0.565691063,0.937301312,0.938807872,class0
'34 no.jpg',0.209490332,0.497846949,0.848273612,7.010051097,0.855749384,4.665661909,14.20295441,1.812878931,3.107985758,0.432686393,0.733769658,-0.454839547,0.916268304,0.85814663,class0
'35 no.jpg',0.33939101,0.529035433,0.836581764,5.022380198,0.877293396,3.721087598,10.58840094,1.566367877,2.707239402,0.471918061,0.682883641,-0.498217059,0.913280336,0.910045682,class0
'36 no.jpg',0.287727931,0.336983268,0.877027527,4.88762803,0.889914145,3.782234252,9.798514306,1.624719869,2.714675409,0.292753445,0.607783864,-0.544472715,0.932090078,0.920336878,class0
'37 no.jpg',0.432592681,0.725024606,0.864705892,6.469186377,0.86734147,3.924704724,16.01044988,1.47160084,2.586750023,0.657049705,0.737570512,-0.455809072,0.884779444,0.900992947,class0
'38 no.jpg',0.2279658,0.520300197,0.811471693,5.336220088,0.859761853,4.009350394,10.154648,1.738810681,2.999636029,0.455985482,0.729292241,-0.453810134,0.909995958,0.865816513,class0
'39 no.jpg',0.299647999,0.976747047,0.837875994,8.186179334,0.851633529,4.580462598,19.18412354,1.732395092,3.054027742,0.89265502,0.807942748,-0.484882255,0.926499425,0.918937171,class0
'4 no.jpg',0.199890439,0.46296752,0.870555093,8.631834015,0.87245926,5.263287402,18.58168075,1.814877974,3.072790504,0.406311516,0.685349529,-0.501010745,0.933694648,0.912174102,class0
'40 no.jpg',0.307942141,0.603469488,0.880681461,7.529223825,0.882121074,4.503567913,17.72016822,1.638542622,2.802892531,0.545521654,0.674627206,-0.549125981,0.938173321,0.935397368,class0
'41 no.jpg',0.307942141,0.603469488,0.880681461,7.529223825,0.882121074,4.503567913,17.72016822,1.638542622,2.802892531,0.545521654,0.674627206,-0.549125981,0.938173321,0.935397368,class0
'42 no.jpg',0.44485156,0.712229331,0.790965418,4.769777313,0.893191721,3.533341535,11.0065552,1.318771509,2.290302479,0.655696358,0.643331877,-0.480573724,0.874725086,0.881879311,class0
'43 no.jpg',0.499809548,0.717396654,0.938768067,11.83336922,0.893920902,4.920152559,35.94929731,1.282215599,2.222186034,0.661355807,0.64124806,-0.553918786,0.904298606,0.966247639,class0
'44no.jpg',0.235730282,0.69734252,0.878623239,9.647806964,0.85311086,5.237081693,22.2796348,1.847917624,3.215150433,0.623585138,0.775248685,-0.500641652,0.939775436,0.933643539,class0
'45 no.jpg',0.209354548,0.652066929,0.938518286,14.96732168,0.836343329,6.248769685,37.69552407,2.109221967,3.619171787,0.572711614,0.811195597,-0.51920906,0.959673853,0.948258125,class0
'46 no.jpg',0.304478191,0.376599409,0.946501835,9.853992372,0.889140869,5.064837598,24.67920504,1.751706289,2.895471121,0.330647146,0.617197349,-0.601478799,0.95767328,0.972985963,class0
'47 no.jpg',0.345697528,0.308193898,0.810380393,3.587708,0.923143672,3.362942913,6.980408397,1.353478317,2.257837023,0.279066191,0.490207883,-0.596360874,0.9236787,0.929103706,class0
'49 no.jpg',0.349697993,0.300688976,0.831539344,3.645006075,0.91079927,3.349409449,7.086180094,1.395688154,2.337908313,0.26664001,0.535417538,-0.551559281,0.91183933,0.908311587,class0
'5 no.jpg',0.350459559,0.731975886,0.775293176,5.22778032,0.887959774,3.825479823,11.39330797,1.45686366,2.514346735,0.672505536,0.665378382,-0.483880909,0.893923671,0.876458848,class0
'50 no.jpg',0.282871013,0.455339567,0.764469038,4.036232776,0.878575986,3.535310039,7.414979805,1.534354011,2.637563141,0.401667077,0.666572514,-0.432649306,0.875708409,0.823323993,class0
'6 no.jpg',0.396739119,0.260457677,0.846098938,3.323478639,0.920988115,3.179133858,6.675497984,1.294667384,2.145992952,0.232375738,0.492012338,-0.569616582,0.904978615,0.910888823,class0
'7 no.jpg',0.28229492,0.450049213,0.766932867,4.031223087,0.87885662,3.533095472,7.404597581,1.534927272,2.636757996,0.396715059,0.664868396,-0.431477049,0.874977494,0.821289603,class0
'8 no.jpg',0.2279658,0.520300197,0.811471693,5.336220088,0.859761853,4.009350394,10.154648,1.738810681,2.999636029,0.455985482,0.729292241,-0.453810134,0.909995958,0.865816513,class0
'9 no.jpg',0.215528728,0.199926181,0.918203379,5.758919783,0.910666831,4.291215551,11.41100768,1.698425313,2.679910703,0.16999877,0.496237929,-0.595939494,0.947203862,0.92393062,class0
'N1.JPG',0.163868926,0.668184055,0.929436832,15.50246447,0.867209867,6.594119094,38.40826001,2.106598964,3.500318087,0.601900837,0.731313068,-0.571347509,0.969108658,0.932776212,class0
'N11.jpg',0.259018136,0.513841043,0.855677394,6.515812431,0.880533606,4.383550689,13.89067063,1.684702187,2.873266457,0.458799828,0.670730665,-0.509605857,0.927269802,0.904426885,class0
'N15.jpg',0.262272339,0.841412402,0.903659218,12.34150275,0.861803653,5.679133858,31.41678056,1.833256321,3.140257339,0.767132136,0.764268682,-0.536627533,0.948710572,0.940417438,class0
'N16.jpg',0.250790125,0.73640502,0.852215147,7.464546744,0.864176599,4.49132628,16.61754321,1.77323105,3.043380522,0.666169414,0.74831411,-0.504520514,0.933653449,0.906495827,class0
'N17.jpg',0.261878668,0.733759843,0.853663313,7.437319297,0.869741125,4.47207185,16.77801095,1.73649288,2.980577377,0.66593873,0.729683716,-0.526183225,0.938592186,0.924040551,class0
'N19.JPG',0.277338613,0.345718504,0.917251614,7.604942021,0.898328219,4.728469488,17.62168287,1.628226884,2.71279662,0.304625984,0.585738254,-0.574497009,0.942178692,0.953364618,class0
'N2.JPG',0.169996352,0.694574311,0.932505579,17.88223098,0.834470001,7.16898376,45.6215701,2.096069045,3.595009337,0.612650714,0.821499207,-0.50088222,0.953672784,0.944156665,class0
'N20.JPG',0.208411199,0.289862205,0.914961411,7.914070189,0.891978346,5.015132874,17.16627376,1.753393506,2.871017383,0.248400591,0.585602587,-0.552432384,0.942460103,0.935153635,class0
'N21.jpg',0.270528387,0.734498031,0.87212337,9.1428338,0.862463271,5.039616142,21.96773988,1.690790359,2.937516271,0.663816437,0.752611265,-0.485929141,0.921006918,0.922913476,class0
'N22.JPG',0.24282933,0.33058563,0.885036934,5.175742803,0.880470225,3.89800689,10.08221225,1.738924791,2.872194171,0.28269562,0.625224713,-0.49752006,0.922362849,0.887039319,class0
'N26.JPG',0.232371112,0.987573819,0.916818431,15.44332477,0.824571077,6.197957677,40.31313956,2.008005665,3.513166178,0.891024852,0.888102772,-0.513525678,0.954845576,0.952004099,class0
'N3.jpg',0.229776862,0.536417323,0.806728578,5.332557979,0.860669113,4.003567913,10.1733137,1.732266808,2.996961963,0.471887303,0.730690749,-0.455239912,0.910523873,0.865679063,class0
'N5.jpg',0.199890439,0.46296752,0.870555093,8.631834015,0.87245926,5.263287402,18.58168075,1.814877974,3.072790504,0.406311516,0.685349529,-0.501010745,0.933694648,0.912174102,class0
'N6.jpg',0.154249885,0.681594488,0.868586191,10.98391555,0.837496771,5.824557087,23.70917017,2.080560634,3.593337902,0.601685531,0.811431581,-0.471679556,0.944019586,0.90873303,class0
'No11.jpg',0.297876126,0.94734252,0.842392491,8.204155389,0.853828442,4.591412402,19.22095109,1.737160628,3.057033869,0.86515748,0.798627432,-0.489995162,0.928699743,0.92035423,class0
'No12.jpg',0.161251765,0.475270669,0.878357101,8.022182194,0.860662043,4.958169291,15.97167799,2.020014499,3.4057332,0.413262795,0.715175321,-0.509686825,0.950082924,0.916632144,class0
'No13.jpg',0.371835157,0.28371063,0.948326214,7.323271023,0.897620426,4.310531496,18.11727577,1.586535822,2.603928993,0.244863435,0.570041324,-0.59964708,0.944710785,0.961915234,class0
'No14.jpg',0.375520664,0.525344488,0.815142323,4.565587322,0.888303101,3.577878937,9.689226478,1.449311697,2.506932781,0.473117618,0.645831189,-0.488000494,0.895405765,0.889591688,class0
'No15.jpg',0.233116578,0.408956693,0.914846965,7.953740157,0.873159427,4.743971457,17.49324087,1.863523495,3.101234126,0.354822835,0.667778942,-0.541263432,0.94862199,0.935574097,class0
'No16.jpg',0.233787002,1.088582677,0.933813352,36.82199649,0.843124121,10.72674705,108.0762311,1.993449566,3.372467721,1.000061516,0.810148174,-0.565461626,0.964344618,0.950531661,class0
'No17.jpg',0.233116578,0.408956693,0.914846965,7.953740157,0.873159427,4.743971457,17.49324087,1.863523495,3.101234126,0.354822835,0.667778942,-0.541263432,0.94862199,0.935574097,class0
'No18.jpg',0.326626712,0.223978839,0.938922963,6.478084054,0.917787654,4.341473917,15.59215668,1.429115848,2.296600572,0.19603531,0.491819061,-0.593885657,0.925361248,0.944675146,class0
'No19.jpg',0.30803565,0.386072835,0.902147639,6.58587214,0.895676528,4.326894685,15.07394626,1.575696075,2.640334632,0.342273622,0.601975362,-0.553669793,0.931419617,0.932131775,class0
'No20.jpg',0.307173957,0.548966535,0.805820778,4.651386411,0.890232286,3.630044291,9.522424191,1.528338928,2.587336662,0.496924213,0.641692524,-0.517870759,0.914347725,0.890078869,class0
'No21.jpg',0.320876732,0.866633858,0.849195951,7.724968858,0.855870286,4.436515748,18.14660884,1.694302485,2.988028497,0.788078248,0.786238515,-0.491660896,0.925978548,0.927090041,class0
'No22.jpg',0.237202172,0.37832185,0.850753625,5.139542707,0.879560126,3.966781496,9.823602436,1.701354028,2.863349536,0.328032726,0.646160218,-0.502876147,0.924075365,0.885596492,class0
'no 1.jpg',0.349697993,0.300688976,0.831539344,3.645006075,0.91079927,3.349409449,7.086180094,1.395688154,2.337908313,0.26664001,0.535417538,-0.551559281,0.91183933,0.908311587,class0
'no 10.jpg',0.418565314,0.401820866,0.941062658,8.157238097,0.901548671,4.389394685,21.79837095,1.462849875,2.445068354,0.360113189,0.585669877,-0.561816919,0.923018999,0.951391859,class0
'no 100.jpg',0.352499582,0.344119094,0.813430488,3.630050058,0.91125059,3.32234252,7.102106944,1.383962841,2.308752272,0.308686024,0.541931578,-0.544489012,0.906777592,0.89740193,class0
'no 2.jpg',0.460376332,0.330831693,0.901879084,4.732854408,0.913546198,3.522391732,11.22810988,1.327945437,2.200174954,0.296998031,0.531339254,-0.574510171,0.911183263,0.943289332,class0
'no 3.jpg',0.293280802,0.439837598,0.873746814,5.895650068,0.87243265,4.107406496,12.56320204,1.650682834,2.821992115,0.384104331,0.680323933,-0.499985786,0.920652781,0.919445136,class0
'no 4.jpg',0.229776862,0.536417323,0.806728578,5.332557979,0.860669113,4.003567913,10.1733137,1.732266808,2.996961963,0.471887303,0.730690749,-0.455239912,0.910523873,0.865679063,class0
'no 6.jpg',0.173138304,0.824557087,0.858517439,10.42683471,0.831405672,5.51316437,22.76138632,2.059182648,3.603174518,0.736743356,0.848701074,-0.471189498,0.944195034,0.911607674,class0
'no 8.jpg',0.445786937,0.707185039,0.791963091,4.764315868,0.894264942,3.532480315,11.00578596,1.315653474,2.280872398,0.651297982,0.638650377,-0.483401601,0.875425212,0.882772756,class0
'no 89.jpg',0.366890072,0.188976378,0.904882525,4.380786325,0.936020727,3.712229331,9.716169885,1.276739689,2.05140375,0.170091043,0.419560159,-0.618445103,0.916864977,0.93500706,class0
'no 9.jpg',0.522351601,1.347687008,0.802046631,7.231495294,0.870851873,3.944020669,19.37379861,1.278447795,2.3222934,1.261841781,0.756696129,-0.41931744,0.841617542,0.872828249,class0
'no 90.jpg',0.388286662,0.389886811,0.904547692,6.184799074,0.906788262,4.101870079,15.08657022,1.398685186,2.335692978,0.350732037,0.564802502,-0.55580437,0.913420639,0.935779135,class0
'no 92.jpg',0.201138983,0.424520177,0.79915777,5.674880621,0.873144034,4.329170768,10.59175971,1.723622777,2.905732698,0.369632751,0.667304128,-0.465995286,0.910428383,0.859926872,class0
'no 923.jpg',0.28975557,0.704232283,0.856296941,7.534973625,0.881253361,4.54109252,17.34416605,1.669301548,2.838315054,0.643024114,0.686906825,-0.52945739,0.93298868,0.928743954,class0
'no 94.jpg',0.351128107,0.296875,0.833170196,3.637606884,0.912719286,3.346579724,7.082441815,1.392020832,2.327770453,0.263810285,0.528440316,-0.556193655,0.913024341,0.9084705,class0
'no 95.jpg',0.195304182,1.027682087,0.838971047,11.04725371,0.829582925,5.637057087,25.20498478,1.967080911,3.465009239,0.932701772,0.875648123,-0.442652924,0.927636265,0.895146635,class0
'no 96.jpg',0.299260444,0.665354331,0.837774032,6.564758781,0.89172229,4.280511811,14.59340235,1.62420846,2.735236291,0.610513041,0.643519775,-0.545220448,0.933430772,0.929389144,class0
'no 97.jpg',0.330819237,0.627091535,0.886374643,7.795706201,0.889772556,4.519562008,19.09729995,1.572273192,2.641974254,0.572219488,0.650591553,-0.559926449,0.93372498,0.940646974,class0
'no 98.jpg',0.554452731,0.153912402,0.598131565,1.632943221,0.92636565,2.432455709,3.177499061,0.830760533,1.363389606,0.132443406,0.428725411,-0.28358144,0.602243346,0.602072184,class0
'no 99.jpg',0.265157698,0.709891732,0.791748596,5.719434363,0.869512702,4.038754921,11.88257991,1.635667347,2.803916716,0.643024114,0.725544391,-0.487685211,0.914375436,0.88594503,class0
'no.jpg',0.304671398,0.691806102,0.860346602,7.530513733,0.885299587,4.527312992,17.61613217,1.628957292,2.770047968,0.632750984,0.672184477,-0.538845172,0.93293674,0.934493214,class0
